{"stats":{"minecraft:broken":{"minecraft:iron_shovel":1,"minecraft:stone_pickaxe":2,"minecraft:iron_pickaxe":5},"minecraft:used":{"minecraft:stone_sword":96,"simplyswords:iron_claymore":243,"minecraft:iron_shovel":467,"minecraft:poppy":2,"minecraft:chest":5,"minecraft:shield":4,"minecraft:torch":26,"minecraft:dirt":244,"minecraft:spyglass":14,"minecraft:carrot":19,"minecraft:azure_bluet":2,"minecraft:granite":19,"minecraft:iron_hoe":93,"minecraft:lava_bucket":6,"minecraft:iron_axe":70,"minecraft:smooth_basalt":4,"minecraft:oak_sapling":16,"minecraft:furnace":16,"minecraft:cooked_beef":11,"minecraft:cobbled_deepslate":61,"minecraft:pumpkin":1,"minecraft:cooked_mutton":10,"minecraft:wheat_seeds":59,"minecraft:water_bucket":89,"minecraft:diorite":5,"minecraft:stone_pickaxe":441,"minecraft:wooden_pickaxe":19,"minecraft:sugar_cane":5,"minecraft:sand":9,"minecraft:crafting_table":8,"minecraft:white_bed":4,"minecraft:shears":1,"minecraft:pumpkin_seeds":11,"minecraft:lightning_rod":1,"minecraft:cornflower":2,"minecraft:oxeye_daisy":3,"minecraft:iron_pickaxe":1249,"travelersbackpack:pumpkin":8,"minecraft:stone_axe":40,"travelersbackpack:standard":11,"minecraft:cobblestone":167,"minecraft:cooked_porkchop":14,"minecraft:smithing_table":2,"minecraft:andesite":48,"minecraft:bucket":99,"minecraft:oak_boat":1,"minecraft:dandelion":5,"minecraft:bone_meal":27},"minecraft:killed":{"minecraft:spider":2,"naturalist:snail":3,"minecraft:skeleton":11,"minecraft:horse":8,"minecraft:bee":2,"minecraft:chicken":2,"minecraft:pig":13,"naturalist:firefly":3,"naturalist:snake":1,"naturalist:butterfly":5,"minecraft:rabbit":1,"minecraft:wandering_trader":1,"minecraft:creeper":5,"minecraft:sheep":14,"minecraft:trader_llama":2,"minecraft:zombie":31,"minecraft:glow_squid":7,"naturalist:sparrow":1,"minecraft:cow":17},"minecraft:dropped":{"minecraft:iron_ingot":4,"minecraft:wheat_seeds":2,"minecraft:glow_ink_sac":7,"minecraft:cobblestone":23,"minecraft:stick":5,"minecraft:oxeye_daisy":3,"minecraft:dirt":1,"minecraft:gray_wool":1,"minecraft:diorite":4,"minecraft:dandelion":12,"minecraft:smooth_basalt":1,"minecraft:bone":1,"minecraft:gravel":15,"minecraft:stone_axe":1,"minecraft:cobbled_deepslate":7,"minecraft:tuff":8,"minecraft:rotten_flesh":9,"minecraft:oak_planks":2,"minecraft:poppy":1,"minecraft:andesite":8,"minecraft:oak_sapling":10,"kawaiidishes:head_band_fox_ears":2,"minecraft:spider_eye":1,"minecraft:light_gray_dye":3,"minecraft:arrow":3,"minecraft:wooden_pickaxe":1,"minecraft:stone_pickaxe":1,"minecraft:egg":2},"minecraft:picked_up":{"minecraft:crafting_table":5,"minecraft:wheat":19,"minecraft:azure_bluet":3,"minecraft:chicken":1,"minecraft:smithing_table":1,"minecraft:lead":3,"minecraft:amethyst_block":41,"minecraft:cornflower":2,"minecraft:raw_copper":191,"kawaiidishes:shoes":1,"minecraft:cobbled_deepslate":437,"minecraft:beef":33,"minecraft:oak_boat":1,"minecraft:calcite":45,"minecraft:poppy":5,"minecraft:light_gray_wool":2,"minecraft:sugar_cane":55,"minecraft:chest":3,"minecraft:furnace":11,"minecraft:egg":2,"minecraft:stick":19,"minecraft:raw_iron":148,"minecraft:copper_ingot":2,"minecraft:torch":22,"minecraft:porkchop":28,"minecraft:redstone":195,"minecraft:diorite":9,"minecraft:carrot":19,"kawaiidishes:head_band_bunny_ears":1,"minecraft:arrow":8,"minecraft:rotten_flesh":27,"minecraft:carved_pumpkin":1,"minecraft:mutton":23,"minecraft:white_wool":12,"minecraft:cobblestone":509,"minecraft:oxeye_daisy":8,"minecraft:feather":1,"minecraft:glow_ink_sac":20,"minecraft:andesite":81,"minecraft:leather":23,"minecraft:tuff":49,"minecraft:light_gray_dye":1,"minecraft:oak_log":59,"minecraft:gunpowder":8,"minecraft:lapis_lazuli":114,"minecraft:dirt":462,"naturalist:glow_goop":1,"minecraft:bone":10,"kawaiidishes:head_band_fox_ears":2,"minecraft:bow":1,"minecraft:wheat_seeds":61,"minecraft:raw_gold":13,"minecraft:iron_ingot":4,"minecraft:oak_planks":2,"minecraft:smooth_basalt":5,"minecraft:pumpkin":29,"minecraft:dandelion":20,"minecraft:gravel":17,"minecraft:sand":33,"minecraft:amethyst_shard":62,"minecraft:white_bed":3,"minecraft:spider_eye":1,"travelersbackpack:standard":3,"minecraft:pumpkin_seeds":7,"minecraft:slime_ball":2,"minecraft:granite":37,"travelersbackpack:pumpkin":3,"minecraft:gray_wool":2,"minecraft:oak_sapling":26,"minecraft:coal":496},"minecraft:crafted":{"minecraft:oak_planks":236,"minecraft:spyglass":1,"minecraft:iron_nugget":9,"minecraft:cooked_chicken":1,"minecraft:lightning_rod":1,"minecraft:furnace":5,"minecraft:bone_meal":27,"travelersbackpack:blank_upgrade":4,"minecraft:cooked_mutton":23,"minecraft:glass":24,"minecraft:iron_boots":1,"minecraft:iron_axe":1,"minecraft:iron_hoe":1,"minecraft:stone_pickaxe":4,"minecraft:chest":4,"minecraft:copper_block":9,"minecraft:redstone_block":21,"minecraft:cooked_beef":33,"minecraft:red_dye":2,"travelersbackpack:iron_tier_upgrade":1,"minecraft:cooked_porkchop":28,"minecraft:crafting_table":3,"simplyswords:iron_claymore":2,"minecraft:iron_helmet":1,"travelersbackpack:backpack_tank":4,"minecraft:wooden_pickaxe":1,"travelersbackpack:standard":1,"minecraft:smithing_table":1,"minecraft:red_wool":2,"minecraft:copper_ingot":89,"minecraft:gold_block":2,"minecraft:bucket":2,"minecraft:pumpkin_seeds":8,"minecraft:stone_axe":1,"minecraft:bread":6,"minecraft:air":0,"travelersbackpack:red_sleeping_bag":1,"travelersbackpack:pumpkin":1,"minecraft:oak_boat":1,"minecraft:iron_chestplate":1,"minecraft:paper":36,"minecraft:shield":1,"minecraft:stick":28,"minecraft:iron_ingot":211,"minecraft:iron_pickaxe":5,"minecraft:iron_block":14,"minecraft:stone_sword":1,"minecraft:iron_leggings":1,"minecraft:iron_shovel":2,"minecraft:gold_ingot":31,"minecraft:light_gray_dye":2,"minecraft:white_bed":1,"minecraft:torch":8,"minecraft:shears":1},"minecraft:custom":{"minecraft:interact_with_smithing_table":12,"minecraft:mob_kills":129,"minecraft:interact_with_crafting_table":59,"minecraft:leave_game":3,"minecraft:time_since_death":62274,"minecraft:sprint_one_cm":479996,"minecraft:damage_blocked_by_shield":135,"minecraft:walk_one_cm":823003,"minecraft:drop":52,"minecraft:play_time":186372,"minecraft:deaths":1,"minecraft:sneak_time":4360,"minecraft:walk_under_water_one_cm":36362,"minecraft:boat_one_cm":131662,"minecraft:jump":3792,"minecraft:walk_on_water_one_cm":43734,"minecraft:total_world_time":186372,"minecraft:interact_with_furnace":184,"minecraft:sleep_in_bed":7,"minecraft:time_since_rest":9065,"minecraft:damage_taken":2419,"minecraft:damage_dealt":17607,"minecraft:swim_one_cm":52081,"minecraft:fly_one_cm":409966,"minecraft:open_chest":96,"minecraft:crouch_one_cm":25575,"minecraft:fall_one_cm":93800,"minecraft:horse_one_cm":6422},"minecraft:mined":{"minecraft:large_amethyst_bud":5,"minecraft:tuff":55,"minecraft:white_bed":3,"minecraft:oak_sapling":1,"minecraft:farmland":3,"farmersdelight:wild_carrots":1,"travelersbackpack:pumpkin":3,"minecraft:carved_pumpkin":1,"minecraft:glow_lichen":2,"minecraft:granite":38,"minecraft:budding_amethyst":5,"minecraft:allium":1,"minecraft:grass_block":299,"minecraft:oxeye_daisy":7,"minecraft:redstone_ore":11,"minecraft:furnace":11,"minecraft:carrots":6,"minecraft:iron_ore":120,"minecraft:cobbled_deepslate":3,"minecraft:andesite":78,"minecraft:pumpkin":29,"treechop:chopped_log":7,"minecraft:azure_bluet":2,"minecraft:deepslate_iron_ore":27,"minecraft:stone":546,"minecraft:smithing_table":1,"minecraft:deepslate_redstone_ore":32,"minecraft:medium_amethyst_bud":2,"minecraft:amethyst_cluster":15,"minecraft:cornflower":2,"minecraft:dandelion":14,"travelersbackpack:standard":3,"minecraft:crafting_table":5,"minecraft:torch":6,"minecraft:calcite":45,"minecraft:poppy":5,"minecraft:chest":3,"minecraft:tall_grass":14,"minecraft:copper_ore":26,"minecraft:cobblestone":2,"minecraft:deepslate_gold_ore":6,"minecraft:lapis_ore":18,"minecraft:sugar_cane":26,"minecraft:diorite":9,"minecraft:amethyst_block":44,"minecraft:wall_torch":8,"minecraft:wheat":20,"minecraft:pumpkin_stem":4,"minecraft:bee_nest":1,"minecraft:grass":91,"minecraft:coal_ore":119,"minecraft:dripstone_block":5,"minecraft:gravel":17,"minecraft:sand":33,"minecraft:dirt":141,"minecraft:smooth_basalt":6,"minecraft:gold_ore":7,"minecraft:deepslate":445}},"DataVersion":3465}