{"stats":{"minecraft:mined":{"minecraft:diamond_ore":2,"minecraft:tuff":6,"minecraft:farmland":1,"minecraft:deepslate_diamond_ore":4,"minecraft:carved_pumpkin":9,"minecraft:granite":4,"minecraft:grass_block":239,"minecraft:moss_block":1,"minecraft:spawner":1,"minecraft:hay_block":8,"minecraft:redstone_ore":8,"minecraft:iron_ore":60,"minecraft:cobbled_deepslate":2,"minecraft:snow":1289,"minecraft:andesite":1,"minecraft:pumpkin":13,"treechop:chopped_log":17,"minecraft:deepslate_lapis_ore":23,"minecraft:bookshelf":3,"minecraft:potatoes":3,"minecraft:deepslate_iron_ore":112,"minecraft:dirt_path":1,"minecraft:stone":56,"minecraft:deepslate_redstone_ore":49,"minecraft:oak_slab":36,"minecraft:red_bed":3,"minecraft:snow_block":58,"minecraft:oak_fence":1,"minecraft:crafting_table":1,"minecraft:torch":8,"minecraft:poppy":2,"minecraft:chest":5,"minecraft:tall_grass":15,"minecraft:cobblestone":5,"minecraft:lapis_ore":10,"minecraft:deepslate_gold_ore":21,"minecraft:oak_planks":9,"minecraft:diorite":1,"minecraft:wall_torch":7,"minecraft:wheat":1,"minecraft:grass":300,"minecraft:coal_ore":62,"minecraft:gravel":3,"minecraft:sand":18,"minecraft:dirt":30,"minecraft:small_dripleaf":1,"minecraft:gold_ore":1,"minecraft:oak_leaves":3,"minecraft:deepslate":26},"minecraft:killed_by":{"minecraft:skeleton":2},"minecraft:used":{"minecraft:oak_fence":10,"minecraft:moss_carpet":343,"minecraft:stone_sword":79,"minecraft:iron_shovel":935,"minecraft:carved_pumpkin":4,"minecraft:stone_shovel":653,"minecraft:ladder":12,"minecraft:light_gray_carpet":6,"minecraft:oak_sign":325,"minecraft:chest":13,"minecraft:iron_sword":6,"minecraft:zombie_spawn_egg":1,"minecraft:sandstone_wall":1,"minecraft:oak_door":1,"minecraft:torch":41,"minecraft:dirt":282,"minecraft:cobblestone_wall":131,"farmersdelight:white_canvas_sign":7,"minecraft:axolotl_bucket":1,"minecraft:iron_hoe":281,"minecraft:wooden_axe":2,"minecraft:sea_lantern":33,"minecraft:red_wool":2,"minecraft:lantern":96,"minecraft:grass_block":1313,"minecraft:warped_fence":4,"minecraft:dark_oak_leaves":47,"kawaiidishes:shoes":1,"kawaiidishes:thigh_highs":1,"minecraft:golden_sword":8,"minecraft:red_carpet":8,"minecraft:furnace":2,"minecraft:potato":61,"farmersdelight:tomato_seeds":33,"minecraft:cobbled_deepslate":31,"minecraft:pumpkin":10,"minecraft:golden_axe":32,"minecraft:wheat_seeds":46,"minecraft:water_bucket":44,"minecraft:damaged_anvil":1,"minecraft:snow_block":248,"minecraft:birch_leaves":4,"minecraft:stone_pickaxe":75,"minecraft:oak_planks":183,"farmersdelight:golden_knife":4,"minecraft:wooden_pickaxe":15,"farmersdelight:onion":15,"minecraft:sand":1,"minecraft:mangrove_trapdoor":8,"minecraft:oak_slab":159,"minecraft:crafting_table":2,"minecraft:red_bed":3,"simplyswords:iron_halberd":92,"minecraft:shears":8,"minecraft:creeper_spawn_egg":1,"minecraft:oak_log":63,"minecraft:flower_pot":3,"minecraft:firework_rocket":15,"minecraft:heavy_weighted_pressure_plate":2,"minecraft:command_block":8,"minecraft:birch_slab":1,"minecraft:bread":59,"minecraft:iron_pickaxe":366,"minecraft:gravel":1,"naturalist:glow_goop":3,"minecraft:stone_axe":135,"minecraft:cobblestone":14,"minecraft:andesite":1,"minecraft:bucket":24,"minecraft:glass_pane":4,"minecraft:sea_pickle":53,"minecraft:smooth_stone":2},"minecraft:crafted":{"minecraft:oak_door":3,"minecraft:oak_planks":320,"minecraft:stone_shovel":5,"minecraft:iron_nugget":9,"minecraft:furnace":2,"minecraft:glass_pane":16,"minecraft:glass":16,"minecraft:iron_boots":1,"minecraft:ladder":15,"minecraft:iron_hoe":2,"minecraft:stone_pickaxe":1,"minecraft:chest":9,"minecraft:oak_fence":9,"minecraft:wheat":72,"minecraft:red_dye":2,"minecraft:oak_slab":138,"minecraft:crafting_table":1,"travelersbackpack:backpack_tank":1,"minecraft:wooden_pickaxe":1,"minecraft:iron_helmet":1,"simplyswords:iron_halberd":1,"minecraft:red_wool":2,"minecraft:bucket":1,"minecraft:birch_planks":28,"minecraft:stone_axe":1,"minecraft:bread":24,"minecraft:air":0,"simplyswords:iron_glaive":1,"travelersbackpack:red_sleeping_bag":1,"minecraft:white_wool":2,"minecraft:iron_chestplate":1,"minecraft:stick":60,"minecraft:iron_ingot":139,"minecraft:iron_pickaxe":3,"minecraft:stone_sword":1,"minecraft:snow_block":383,"minecraft:iron_shovel":6,"minecraft:iron_leggings":1,"minecraft:torch":32,"minecraft:shears":1},"minecraft:custom":{"minecraft:interact_with_anvil":6,"minecraft:mob_kills":59,"minecraft:interact_with_crafting_table":48,"minecraft:leave_game":21,"minecraft:time_since_death":59580,"minecraft:climb_one_cm":18732,"minecraft:sprint_one_cm":386483,"minecraft:walk_one_cm":899726,"minecraft:drop":12,"minecraft:play_time":304132,"minecraft:sneak_time":11598,"minecraft:deaths":15,"minecraft:walk_under_water_one_cm":32456,"minecraft:jump":3594,"minecraft:walk_on_water_one_cm":23636,"minecraft:total_world_time":304132,"minecraft:interact_with_furnace":44,"minecraft:sleep_in_bed":6,"minecraft:time_since_rest":23400,"minecraft:damage_taken":3232,"minecraft:damage_dealt":9578,"minecraft:swim_one_cm":18830,"minecraft:fly_one_cm":2047473,"minecraft:open_chest":287,"minecraft:crouch_one_cm":43804,"minecraft:aviate_one_cm":722071,"minecraft:fall_one_cm":119543},"minecraft:broken":{"minecraft:iron_shovel":4,"minecraft:golden_axe":1,"minecraft:stone_axe":1,"minecraft:iron_pickaxe":1,"minecraft:stone_shovel":5,"minecraft:iron_hoe":1},"minecraft:picked_up":{"minecraft:crafting_table":1,"minecraft:wheat":1,"minecraft:chicken":1,"naturalist:venison":1,"kawaiidishes:head_band":1,"minecraft:cornflower":1,"minecraft:string":3,"minecraft:red_bed":3,"minecraft:moss_carpet":1,"kawaiidishes:shoes":2,"minecraft:iron_shovel":1,"minecraft:cobbled_deepslate":34,"minecraft:beef":4,"minecraft:poppy":2,"minecraft:chest":5,"minecraft:birch_sapling":3,"minecraft:stick":37,"minecraft:raw_iron":170,"minecraft:oak_fence":1,"minecraft:torch":16,"minecraft:diorite":1,"minecraft:redstone":253,"kawaiidishes:head_band_bunny_ears":1,"minecraft:arrow":13,"minecraft:rotten_flesh":24,"minecraft:hay_block":8,"minecraft:carved_pumpkin":9,"minecraft:mutton":2,"minecraft:cobblestone":58,"minecraft:snowball":1533,"minecraft:white_wool":2,"minecraft:birch_log":7,"minecraft:feather":1,"minecraft:glow_ink_sac":3,"minecraft:andesite":1,"minecraft:leather":1,"minecraft:potato":3,"minecraft:flint":1,"minecraft:tuff":8,"minecraft:oak_log":96,"minecraft:lapis_lazuli":235,"minecraft:dirt":276,"kawaiidishes:maid_dress":2,"naturalist:glow_goop":6,"kawaiidishes:thigh_highs":1,"minecraft:red_carpet":11,"minecraft:bone":6,"minecraft:apple":4,"minecraft:wheat_seeds":52,"minecraft:raw_gold":22,"minecraft:moss_block":1,"minecraft:oak_planks":9,"minecraft:book":9,"minecraft:oak_slab":39,"minecraft:pumpkin":12,"minecraft:dandelion":1,"minecraft:gravel":2,"minecraft:sand":17,"minecraft:pumpkin_seeds":32,"naturalist:antler":1,"minecraft:diamond":6,"minecraft:granite":4,"kawaiidishes:cat_ears":2,"minecraft:bread":1,"minecraft:oak_sapling":42,"minecraft:coal":62},"minecraft:dropped":{"minecraft:bread":1,"minecraft:dirt":10,"minecraft:beef":4},"minecraft:killed":{"minecraft:spider":4,"naturalist:snail":1,"minecraft:skeleton":9,"naturalist:deer":1,"minecraft:snow_golem":2,"minecraft:zombie_villager":1,"naturalist:snake":1,"naturalist:firefly":4,"naturalist:butterfly":1,"minecraft:creeper":4,"minecraft:sheep":3,"minecraft:zombie":22,"minecraft:glow_squid":2,"minecraft:cow":3}},"DataVersion":3465}