{"stats":{"minecraft:broken":{"minecraft:stone_sword":2,"minecraft:golden_shovel":6,"minecraft:wooden_pickaxe":1,"minecraft:stone_pickaxe":1,"minecraft:wooden_sword":3,"minecraft:iron_pickaxe":1,"minecraft:stone_shovel":2},"minecraft:used":{"minecraft:peony":2,"minecraft:oak_fence":60,"minecraft:stone_sword":265,"minecraft:armor_stand":2,"minecraft:stone_shovel":374,"minecraft:light_gray_carpet":3,"minecraft:chest":2,"minecraft:stone":16,"minecraft:iron_sword":169,"minecraft:cooked_salmon":2,"minecraft:cooked_chicken":1,"minecraft:oak_door":2,"minecraft:torch":12,"minecraft:dirt":529,"minecraft:anvil":1,"minecraft:white_carpet":10,"minecraft:golden_shovel":194,"minecraft:tuff":2,"minecraft:granite":1,"minecraft:oak_fence_gate":4,"minecraft:glass":4,"minecraft:oak_stairs":10,"kawaiidishes:thigh_highs":1,"minecraft:barrel":2,"minecraft:bow":18,"minecraft:furnace":4,"minecraft:skeleton_skull":2,"minecraft:egg":2,"minecraft:potato":10,"minecraft:cobbled_deepslate":9,"minecraft:water_bucket":6,"minecraft:diorite":4,"minecraft:stone_pickaxe":131,"minecraft:baked_potato":17,"minecraft:oak_planks":6,"minecraft:wooden_pickaxe":47,"farmersdelight:onion":8,"minecraft:golden_hoe":16,"minecraft:oak_slab":3,"minecraft:crafting_table":4,"minecraft:red_bed":3,"minecraft:dripstone_block":8,"minecraft:oak_log":28,"minecraft:apple":20,"minecraft:bread":5,"minecraft:iron_pickaxe":249,"minecraft:spruce_sapling":1,"minecraft:stone_axe":119,"minecraft:wooden_sword":219,"minecraft:cobblestone":15,"minecraft:andesite":15,"minecraft:bucket":7,"minecraft:glass_pane":1,"minecraft:golden_pickaxe":38},"minecraft:killed":{"minecraft:witch":1,"minecraft:spider":4,"minecraft:skeleton":27,"minecraft:chicken":2,"minecraft:magma_cube":4,"minecraft:salmon":4,"minecraft:creeper":9,"minecraft:zombie":21,"minecraft:glow_squid":1},"minecraft:dropped":{"minecraft:wheat_seeds":1,"minecraft:rotten_flesh":2},"minecraft:picked_up":{"minecraft:crafting_table":3,"minecraft:chicken":1,"minecraft:oak_stairs":8,"minecraft:string":19,"minecraft:red_bed":3,"minecraft:white_carpet":10,"kawaiidishes:shoes":1,"minecraft:cobbled_deepslate":9,"minecraft:sugar_cane":29,"minecraft:birch_sapling":1,"minecraft:egg":3,"minecraft:furnace":1,"kawaiidishes:maid_dress_cat_tail":1,"minecraft:stick":28,"minecraft:raw_iron":222,"minecraft:oak_door":1,"minecraft:oak_fence":3,"minecraft:torch":10,"minecraft:diorite":8,"minecraft:redstone":10,"minecraft:arrow":32,"minecraft:rotten_flesh":13,"minecraft:peony":4,"minecraft:skeleton_skull":1,"minecraft:cobblestone":79,"minecraft:feather":2,"minecraft:andesite":15,"minecraft:glow_ink_sac":5,"minecraft:salmon":4,"minecraft:tuff":2,"minecraft:oak_log":88,"minecraft:gunpowder":6,"minecraft:lapis_lazuli":112,"minecraft:dirt":542,"kawaiidishes:thigh_highs":2,"minecraft:bone":31,"minecraft:apple":5,"minecraft:wheat_seeds":3,"minecraft:raw_gold":14,"minecraft:oak_fence_gate":3,"minecraft:oak_planks":6,"minecraft:oak_slab":2,"kawaiidishes:fox_ears":1,"minecraft:dripstone_block":8,"minecraft:sand":64,"minecraft:spruce_sapling":1,"minecraft:spruce_log":6,"minecraft:spider_eye":2,"minecraft:diamond":5,"minecraft:granite":1,"kawaiidishes:cat_ears":1,"minecraft:oak_sapling":44,"minecraft:light_gray_carpet":3,"kawaiidishes:cat_tail":1,"minecraft:coal":52},"minecraft:custom":{"minecraft:interact_with_anvil":1,"minecraft:mob_kills":74,"minecraft:interact_with_crafting_table":61,"minecraft:leave_game":4,"minecraft:time_since_death":155397,"minecraft:climb_one_cm":7554,"minecraft:sprint_one_cm":247411,"minecraft:walk_one_cm":932975,"minecraft:drop":3,"minecraft:play_noteblock":1,"minecraft:play_time":155397,"minecraft:sneak_time":5724,"minecraft:walk_under_water_one_cm":30776,"minecraft:jump":2704,"minecraft:walk_on_water_one_cm":44205,"minecraft:total_world_time":155397,"minecraft:interact_with_furnace":71,"minecraft:sleep_in_bed":6,"minecraft:time_since_rest":9065,"minecraft:damage_taken":1599,"minecraft:damage_dealt":14251,"minecraft:swim_one_cm":18632,"minecraft:fly_one_cm":481088,"minecraft:open_chest":91,"minecraft:crouch_one_cm":34751,"minecraft:fall_one_cm":53162,"minecraft:inspect_dispenser":1},"minecraft:crafted":{"minecraft:wooden_sword":4,"minecraft:oak_door":3,"minecraft:smooth_stone":14,"minecraft:oak_planks":240,"minecraft:stone_shovel":3,"minecraft:barrel":2,"minecraft:smooth_stone_slab":6,"minecraft:cooked_chicken":1,"minecraft:furnace":3,"minecraft:stone":14,"minecraft:diamond_shovel":1,"minecraft:pink_dye":4,"minecraft:glass_pane":16,"minecraft:glass":24,"minecraft:bow":1,"minecraft:iron_boots":1,"minecraft:stone_pickaxe":1,"minecraft:chest":2,"minecraft:oak_fence":57,"minecraft:oak_slab":6,"minecraft:crafting_table":2,"minecraft:spruce_planks":24,"minecraft:iron_helmet":1,"minecraft:wooden_pickaxe":2,"minecraft:baked_potato":17,"minecraft:cooked_salmon":4,"minecraft:golden_shovel":6,"minecraft:bucket":1,"minecraft:stone_axe":1,"minecraft:air":0,"minecraft:oak_fence_gate":2,"minecraft:iron_chestplate":1,"minecraft:paper":15,"minecraft:stick":80,"minecraft:iron_ingot":146,"minecraft:iron_pickaxe":2,"minecraft:oak_stairs":8,"minecraft:iron_block":3,"minecraft:stone_sword":2,"minecraft:gold_ingot":15,"minecraft:iron_leggings":1,"minecraft:armor_stand":2,"minecraft:anvil":1,"minecraft:torch":28},"minecraft:mined":{"minecraft:diamond_ore":3,"minecraft:tuff":6,"minecraft:dark_oak_leaves":3,"minecraft:deepslate_diamond_ore":2,"minecraft:oak_door":1,"minecraft:granite":1,"minecraft:grass_block":492,"minecraft:redstone_wire":1,"minecraft:spruce_leaves":1,"minecraft:spawner":3,"minecraft:black_stained_glass_pane":1,"minecraft:redstone_ore":2,"minecraft:furnace":1,"minecraft:iron_ore":128,"minecraft:andesite":15,"treechop:chopped_log":14,"minecraft:deepslate_lapis_ore":4,"minecraft:peony":2,"minecraft:skeleton_wall_skull":1,"minecraft:deepslate_iron_ore":95,"minecraft:oak_stairs":8,"minecraft:stone":71,"minecraft:tripwire":2,"minecraft:oak_slab":2,"minecraft:light_gray_carpet":3,"minecraft:red_bed":3,"minecraft:oak_fence":3,"minecraft:crafting_table":3,"minecraft:torch":2,"minecraft:lapis_ore":14,"minecraft:deepslate_gold_ore":13,"minecraft:sugar_cane":11,"minecraft:oak_planks":6,"minecraft:diorite":8,"minecraft:wall_torch":6,"minecraft:white_carpet":10,"minecraft:grass":22,"minecraft:coal_ore":52,"minecraft:oak_fence_gate":3,"minecraft:sand":64,"minecraft:dirt":57,"minecraft:cobweb":13,"minecraft:gold_ore":3,"minecraft:oak_leaves":2,"minecraft:deepslate":12}},"DataVersion":3465}