{"stats":{"minecraft:broken":{"minecraft:stone_pickaxe":1,"minecraft:stone_axe":1,"minecraft:iron_pickaxe":3},"minecraft:used":{"minecraft:iron_shovel":126,"minecraft:spruce_slab":43,"minecraft:chest":4,"minecraft:spruce_planks":14,"minecraft:iron_sword":239,"minecraft:cooked_chicken":3,"minecraft:torch":104,"minecraft:dirt":118,"minecraft:deepslate_brick_slab":67,"minecraft:lantern":20,"minecraft:iron_axe":64,"minecraft:cherry_slab":381,"minecraft:iron_helmet":1,"minecraft:furnace":5,"minecraft:cooked_beef":3,"minecraft:cobbled_deepslate":35,"minecraft:cherry_fence":15,"minecraft:light_gray_bed":1,"minecraft:stone_pickaxe":131,"minecraft:oak_planks":69,"minecraft:wooden_pickaxe":33,"minecraft:cherry_planks":24,"minecraft:deepslate_bricks":298,"minecraft:crafting_table":7,"minecraft:red_bed":3,"minecraft:dripstone_block":6,"minecraft:cherry_door":1,"minecraft:bread":13,"minecraft:iron_pickaxe":837,"minecraft:stone_axe":175,"kawaiidishes:cherry":30,"minecraft:cobblestone":14,"minecraft:andesite":5,"minecraft:oak_boat":1},"minecraft:killed":{"minecraft:spider":10,"minecraft:skeleton":16,"minecraft:chicken":3,"minecraft:zombie_villager":1,"minecraft:creeper":5,"minecraft:zombie":14,"minecraft:glow_squid":4,"minecraft:cow":4},"minecraft:dropped":{"minecraft:cobblestone":1,"kawaiidishes:cherry":35,"minecraft:iron_leggings":1,"minecraft:bone":2,"minecraft:furnace":1,"minecraft:tuff":2,"minecraft:rotten_flesh":11,"minecraft:deepslate_brick_slab":1,"minecraft:iron_boots":1,"minecraft:iron_chestplate":1,"minecraft:light_gray_bed":1,"minecraft:stone_pickaxe":1,"minecraft:calcite":1},"minecraft:picked_up":{"minecraft:crafting_table":5,"minecraft:chicken":3,"minecraft:cornflower":6,"minecraft:string":4,"minecraft:red_bed":4,"kawaiidishes:shoes":1,"minecraft:cobbled_deepslate":509,"minecraft:spruce_planks":14,"minecraft:beef":6,"minecraft:oak_boat":1,"minecraft:calcite":1,"minecraft:spruce_slab":41,"minecraft:birch_sapling":3,"minecraft:furnace":2,"minecraft:iron_boots":1,"minecraft:stick":74,"minecraft:raw_iron":81,"minecraft:torch":35,"minecraft:cherry_log":128,"minecraft:pointed_dripstone":5,"minecraft:light_gray_bed":2,"minecraft:arrow":17,"minecraft:rotten_flesh":12,"minecraft:deepslate_bricks":3,"minecraft:cobblestone":121,"minecraft:birch_log":7,"minecraft:pink_petals":194,"minecraft:feather":5,"minecraft:glow_ink_sac":9,"minecraft:andesite":5,"minecraft:leather":4,"minecraft:tuff":2,"minecraft:oak_log":27,"minecraft:cherry_fence":7,"minecraft:gunpowder":2,"minecraft:dirt":155,"minecraft:lantern":24,"kawaiidishes:maid_dress":1,"kawaiidishes:thigh_highs":1,"minecraft:bone":7,"minecraft:apple":1,"kawaiidishes:head_band_fox_ears":1,"minecraft:wheat_seeds":12,"minecraft:deepslate_brick_slab":26,"minecraft:raw_gold":8,"minecraft:stone_pickaxe":1,"minecraft:oak_planks":24,"minecraft:music_disc_13":1,"minecraft:dandelion":1,"minecraft:dripstone_block":6,"minecraft:spruce_sapling":1,"minecraft:spruce_log":6,"minecraft:spider_eye":1,"minecraft:diamond":5,"minecraft:cherry_sapling":87,"kawaiidishes:cherry":421,"minecraft:bread":1,"minecraft:oak_sapling":9,"minecraft:cherry_slab":6,"minecraft:coal":71},"minecraft:custom":{"minecraft:mob_kills":61,"minecraft:interact_with_crafting_table":47,"minecraft:leave_game":3,"minecraft:time_since_death":120779,"minecraft:sprint_one_cm":385622,"minecraft:walk_one_cm":655774,"minecraft:drop":13,"minecraft:talked_to_villager":1,"minecraft:play_time":120779,"minecraft:sneak_time":4721,"minecraft:walk_under_water_one_cm":4605,"minecraft:boat_one_cm":32279,"minecraft:jump":3610,"minecraft:walk_on_water_one_cm":28155,"minecraft:total_world_time":120779,"minecraft:interact_with_furnace":28,"minecraft:sleep_in_bed":9,"minecraft:time_since_rest":8651,"minecraft:damage_taken":2523,"minecraft:damage_dealt":11051,"minecraft:swim_one_cm":5357,"minecraft:fly_one_cm":609224,"minecraft:open_chest":40,"minecraft:crouch_one_cm":34146,"minecraft:fall_one_cm":112609},"minecraft:crafted":{"minecraft:cherry_planks":324,"minecraft:oak_planks":108,"minecraft:cherry_slab":438,"minecraft:cooked_chicken":3,"minecraft:furnace":4,"minecraft:iron_boots":1,"minecraft:polished_deepslate":316,"minecraft:iron_axe":1,"minecraft:spruce_slab":48,"minecraft:stone_pickaxe":1,"minecraft:chest":4,"minecraft:cherry_fence":9,"minecraft:cooked_beef":6,"minecraft:deepslate":4,"minecraft:crafting_table":2,"minecraft:spruce_planks":24,"minecraft:wooden_pickaxe":1,"minecraft:iron_helmet":1,"minecraft:deepslate_brick_slab":42,"minecraft:iron_sword":1,"minecraft:stone_axe":2,"minecraft:air":0,"minecraft:oak_boat":1,"minecraft:iron_chestplate":1,"minecraft:stick":24,"minecraft:iron_ingot":78,"minecraft:iron_pickaxe":6,"minecraft:cherry_door":3,"minecraft:iron_shovel":1,"minecraft:iron_leggings":2,"minecraft:torch":76,"minecraft:deepslate_bricks":316},"minecraft:mined":{"minecraft:tuff":2,"minecraft:spruce_planks":14,"minecraft:deepslate_diamond_ore":5,"minecraft:sculk_vein":2,"minecraft:cherry_log":10,"minecraft:granite":4,"minecraft:grass_block":127,"minecraft:light_gray_bed":1,"minecraft:deepslate_bricks":13,"minecraft:spawner":1,"minecraft:deepslate_brick_slab":30,"minecraft:furnace":2,"minecraft:iron_ore":35,"minecraft:cobbled_deepslate":5,"minecraft:andesite":39,"treechop:chopped_log":14,"minecraft:deepslate_lapis_ore":2,"minecraft:deepslate_iron_ore":46,"minecraft:lantern":24,"minecraft:stone":176,"minecraft:spruce_slab":35,"minecraft:red_bed":4,"minecraft:crafting_table":5,"minecraft:cornflower":1,"minecraft:torch":11,"minecraft:calcite":1,"minecraft:tall_grass":2,"minecraft:cobblestone":3,"minecraft:deepslate_gold_ore":8,"minecraft:oak_planks":18,"minecraft:sculk":2,"minecraft:diorite":19,"minecraft:wall_torch":20,"minecraft:cherry_slab":6,"minecraft:pink_petals":57,"minecraft:cherry_fence":7,"minecraft:grass":32,"minecraft:coal_ore":71,"minecraft:dirt":19,"minecraft:oak_leaves":2,"minecraft:deepslate":504}},"DataVersion":3465}