{"stats":{"minecraft:killed_by":{"minecraft:zombie":1},"minecraft:broken":{"minecraft:stone_pickaxe":8,"minecraft:iron_shovel":1,"minecraft:wooden_shovel":1,"minecraft:stone_axe":4,"minecraft:iron_pickaxe":1,"minecraft:stone_shovel":7,"minecraft:wooden_pickaxe":1},"minecraft:used":{"minecraft:dark_oak_stairs":20,"minecraft:iron_shovel":244,"minecraft:birch_planks":732,"minecraft:stone_pickaxe":1095,"minecraft:stone_shovel":1017,"minecraft:chest":6,"minecraft:wooden_pickaxe":52,"minecraft:birch_boat":4,"minecraft:stone":57,"minecraft:wooden_shovel":60,"minecraft:rotten_flesh":2,"minecraft:oak_leaves":42,"minecraft:oak_door":1,"minecraft:dark_oak_trapdoor":14,"minecraft:dirt":587,"minecraft:crafting_table":5,"minecraft:red_bed":1,"minecraft:stone_brick_wall":14,"minecraft:shears":189,"minecraft:oak_fence_gate":4,"minecraft:wooden_axe":36,"minecraft:apple":4,"minecraft:oxeye_daisy":1,"minecraft:dark_oak_log":90,"minecraft:lantern":4,"minecraft:bread":59,"minecraft:birch_sapling":16,"minecraft:iron_pickaxe":250,"minecraft:gravel":22,"minecraft:stone_bricks":40,"minecraft:stone_axe":572,"minecraft:cobblestone":19,"minecraft:oak_sapling":9,"minecraft:furnace":4,"minecraft:porkchop":1,"minecraft:egg":3,"minecraft:potato":2,"minecraft:bone_meal":45,"minecraft:dark_oak_sapling":3},"minecraft:killed":{"minecraft:pig":1,"naturalist:firefly":4,"naturalist:snake":1,"minecraft:spider":2,"minecraft:skeleton":8,"naturalist:deer":1,"minecraft:zombie":5,"minecraft:cow":7},"minecraft:dropped":{"minecraft:birch_planks":1,"minecraft:dripstone_block":2,"minecraft:birch_sapling":10,"minecraft:feather":1,"minecraft:dirt":3,"minecraft:gunpowder":1,"minecraft:peony":1,"minecraft:cornflower":1,"minecraft:string":3},"minecraft:picked_up":{"minecraft:birch_log":185,"minecraft:crafting_table":3,"minecraft:feather":2,"minecraft:chicken":2,"naturalist:venison":2,"minecraft:leather":7,"minecraft:red_mushroom":11,"minecraft:birch_planks":97,"minecraft:flint":12,"minecraft:gunpowder":1,"minecraft:oak_log":132,"minecraft:red_bed":1,"minecraft:dirt":1433,"minecraft:cornflower":2,"minecraft:string":6,"minecraft:lantern":24,"minecraft:raw_copper":33,"naturalist:glow_goop":4,"kawaiidishes:head_band_cat_ears":1,"minecraft:bone":9,"minecraft:apple":8,"minecraft:wheat_seeds":14,"minecraft:beef":21,"minecraft:poppy":1,"minecraft:birch_sapling":91,"minecraft:egg":3,"minecraft:dark_oak_sapling":18,"minecraft:stick":120,"minecraft:raw_iron":10,"minecraft:birch_boat":3,"minecraft:dripstone_block":2,"minecraft:gravel":99,"minecraft:porkchop":1,"minecraft:dark_oak_log":259,"minecraft:spider_eye":1,"minecraft:arrow":11,"minecraft:rotten_flesh":6,"minecraft:peony":2,"minecraft:hay_block":12,"minecraft:grass":1,"kawaiidishes:cat_ears":1,"minecraft:oak_sapling":70,"minecraft:coal":36,"minecraft:oak_leaves":180,"minecraft:cobblestone":1295,"minecraft:oxeye_daisy":1},"minecraft:crafted":{"minecraft:oak_door":3,"minecraft:oak_planks":140,"minecraft:wooden_shovel":1,"minecraft:stone_shovel":9,"minecraft:stone_brick_wall":18,"minecraft:dark_oak_stairs":20,"minecraft:crafting_table":4,"minecraft:birch_boat":1,"minecraft:wooden_pickaxe":1,"minecraft:furnace":4,"minecraft:dark_oak_trapdoor":14,"minecraft:stone":162,"minecraft:bone_meal":45,"minecraft:birch_planks":668,"minecraft:stone_axe":6,"minecraft:air":0,"minecraft:oak_fence_gate":4,"minecraft:iron_ingot":5,"minecraft:iron_pickaxe":1,"minecraft:stone_pickaxe":10,"minecraft:wooden_axe":1,"minecraft:chest":10,"minecraft:iron_shovel":1,"minecraft:dark_oak_planks":76,"minecraft:stone_bricks":64},"minecraft:custom":{"minecraft:interact_with_furnace":45,"minecraft:mob_kills":29,"minecraft:interact_with_crafting_table":61,"minecraft:open_barrel":2,"minecraft:leave_game":8,"minecraft:time_since_death":81546,"minecraft:sleep_in_bed":3,"minecraft:time_since_rest":30191,"minecraft:sprint_one_cm":805501,"minecraft:damage_taken":3014,"minecraft:walk_one_cm":1045639,"minecraft:drop":9,"minecraft:damage_dealt":4294,"minecraft:swim_one_cm":91807,"minecraft:talked_to_villager":3,"minecraft:fly_one_cm":1172559,"minecraft:open_chest":111,"minecraft:crouch_one_cm":20394,"minecraft:play_time":255424,"minecraft:deaths":3,"minecraft:sneak_time":4029,"minecraft:walk_under_water_one_cm":28282,"minecraft:boat_one_cm":74216,"minecraft:jump":4627,"minecraft:walk_on_water_one_cm":30720,"minecraft:total_world_time":255424,"minecraft:fall_one_cm":144050},"minecraft:mined":{"minecraft:red_bed":1,"minecraft:dark_oak_log":2,"minecraft:crafting_table":3,"minecraft:cornflower":1,"minecraft:grass_block":790,"minecraft:tall_grass":9,"minecraft:copper_ore":10,"minecraft:cobblestone":7,"minecraft:oxeye_daisy":1,"minecraft:seagrass":1,"minecraft:hay_block":12,"minecraft:birch_planks":97,"minecraft:iron_ore":10,"minecraft:birch_leaves":5,"minecraft:peony":1,"treechop:chopped_log":60,"minecraft:grass":53,"minecraft:oak_log":3,"minecraft:coal_ore":36,"minecraft:lantern":24,"minecraft:gravel":111,"minecraft:dripstone_block":2,"minecraft:dirt":526,"minecraft:stone":1289,"minecraft:oak_leaves":195}},"DataVersion":3465}